-- phpMyAdmin SQL Dump
-- version 4.3.11
-- http://www.phpmyadmin.net
--
-- Host: 127.0.0.1
-- Generation Time: Dec 08, 2017 at 06:34 AM
-- Server version: 5.6.24
-- PHP Version: 5.6.8

SET SQL_MODE = "NO_AUTO_VALUE_ON_ZERO";
SET time_zone = "+00:00";


/*!40101 SET @OLD_CHARACTER_SET_CLIENT=@@CHARACTER_SET_CLIENT */;
/*!40101 SET @OLD_CHARACTER_SET_RESULTS=@@CHARACTER_SET_RESULTS */;
/*!40101 SET @OLD_COLLATION_CONNECTION=@@COLLATION_CONNECTION */;
/*!40101 SET NAMES utf8 */;

--
-- Database: `adblassetmanagementdb`
--

-- --------------------------------------------------------

--
-- Table structure for table `branchdetailtbl`
--

CREATE TABLE IF NOT EXISTS `branchdetailtbl` (
  `branchid` bigint(20) NOT NULL,
  `branchname` varchar(100) DEFAULT NULL,
  `branchaddress` varchar(100) DEFAULT NULL,
  `branchdb` varchar(50) DEFAULT NULL
) ENGINE=InnoDB AUTO_INCREMENT=4 DEFAULT CHARSET=utf8;

--
-- Dumping data for table `branchdetailtbl`
--

INSERT INTO `branchdetailtbl` (`branchid`, `branchname`, `branchaddress`, `branchdb`) VALUES
(1, 'Head Office', 'Singha Durbar, Kathmandu', 'adblheadofficedb'),
(2, 'Kirtipur', 'kirtipur', 'kirtipurbranch'),
(3, 'kalimati', 'kalimati', 'kalimatidb');

-- --------------------------------------------------------

--
-- Table structure for table `loginhistorytbl`
--

CREATE TABLE IF NOT EXISTS `loginhistorytbl` (
  `loginhistoryid` bigint(20) NOT NULL,
  `username` varchar(50) NOT NULL,
  `ipaddress` varchar(50) NOT NULL,
  `macaddress` varchar(50) NOT NULL,
  `logindatetime` varchar(50) NOT NULL,
  `reserved1` varchar(50) DEFAULT NULL,
  `reserved2` varchar(50) DEFAULT NULL,
  `reserved3` varchar(50) DEFAULT NULL,
  `reserved4` varchar(50) DEFAULT NULL,
  `reserved5` varchar(50) DEFAULT NULL,
  `reserved6` varchar(50) DEFAULT NULL
) ENGINE=InnoDB AUTO_INCREMENT=361 DEFAULT CHARSET=utf8;

--
-- Dumping data for table `loginhistorytbl`
--

INSERT INTO `loginhistorytbl` (`loginhistoryid`, `username`, `ipaddress`, `macaddress`, `logindatetime`, `reserved1`, `reserved2`, `reserved3`, `reserved4`, `reserved5`, `reserved6`) VALUES
(11, 'admin', 'DESKTOP-BQ8PH7N/192.168.137.1', '7A-0C-B8-93-39-33', '2017-11-29 15:10:15', NULL, NULL, NULL, NULL, NULL, NULL),
(12, 'admin', 'DESKTOP-BQ8PH7N/192.168.137.1', '7A-0C-B8-93-39-33', '2017-11-29 15:12:36', NULL, NULL, NULL, NULL, NULL, NULL),
(13, 'admin', 'DESKTOP-BQ8PH7N/192.168.137.1', '7A-0C-B8-93-39-33', '2017-11-29 15:12:47', NULL, NULL, NULL, NULL, NULL, NULL),
(14, 'admin', 'DESKTOP-BQ8PH7N/192.168.137.1', '7A-0C-B8-93-39-33', '2017-11-29 15:13:39', NULL, NULL, NULL, NULL, NULL, NULL),
(15, 'admin', 'DESKTOP-BQ8PH7N/192.168.137.1', '7A-0C-B8-93-39-33', '2017-11-29 15:16:29', NULL, NULL, NULL, NULL, NULL, NULL),
(16, 'admin', 'DESKTOP-BQ8PH7N/192.168.137.1', '7A-0C-B8-93-39-33', '2017-11-29 15:20:22', NULL, NULL, NULL, NULL, NULL, NULL),
(17, 'admin', 'DESKTOP-BQ8PH7N/192.168.137.1', '7A-0C-B8-93-39-33', '2017-11-29 15:28:20', NULL, NULL, NULL, NULL, NULL, NULL),
(18, 'admin', 'DESKTOP-BQ8PH7N/192.168.137.1', '7A-0C-B8-93-39-33', '2017-11-29 15:28:38', NULL, NULL, NULL, NULL, NULL, NULL),
(19, 'admin', 'DESKTOP-BQ8PH7N/192.168.137.1', '7A-0C-B8-93-39-33', '2017-11-29 15:38:21', NULL, NULL, NULL, NULL, NULL, NULL),
(20, 'admin', 'DESKTOP-BQ8PH7N/192.168.137.1', '7A-0C-B8-93-39-33', '2017-11-29 15:43:56', NULL, NULL, NULL, NULL, NULL, NULL),
(21, 'admin', 'DESKTOP-BQ8PH7N/192.168.137.1', '7A-0C-B8-93-39-33', '2017-11-29 15:56:38', NULL, NULL, NULL, NULL, NULL, NULL),
(22, 'admin', 'DESKTOP-BQ8PH7N/192.168.137.1', '7A-0C-B8-93-39-33', '2017-11-30 10:42:59', NULL, NULL, NULL, NULL, NULL, NULL),
(23, 'admin', 'DESKTOP-BQ8PH7N/192.168.137.1', '7A-0C-B8-93-39-33', '2017-11-30 12:31:00', NULL, NULL, NULL, NULL, NULL, NULL),
(24, 'admin', 'DESKTOP-BQ8PH7N/192.168.137.1', '7A-0C-B8-93-39-33', '2017-11-30 15:42:12', NULL, NULL, NULL, NULL, NULL, NULL),
(25, 'admin', 'DESKTOP-BQ8PH7N/192.168.0.103', '78-0C-B8-93-39-33', '2017-11-30 19:53:43', NULL, NULL, NULL, NULL, NULL, NULL),
(26, 'admin', 'DESKTOP-BQ8PH7N/192.168.0.103', '78-0C-B8-93-39-33', '2017-11-30 20:05:57', NULL, NULL, NULL, NULL, NULL, NULL),
(27, 'admin', 'DESKTOP-BQ8PH7N/192.168.0.103', '78-0C-B8-93-39-33', '2017-11-30 20:07:00', NULL, NULL, NULL, NULL, NULL, NULL),
(28, 'admin', 'DESKTOP-BQ8PH7N/192.168.0.103', '78-0C-B8-93-39-33', '2017-11-30 20:08:53', NULL, NULL, NULL, NULL, NULL, NULL),
(29, 'admin', 'DESKTOP-BQ8PH7N/192.168.0.103', '78-0C-B8-93-39-33', '2017-11-30 20:11:52', NULL, NULL, NULL, NULL, NULL, NULL),
(30, 'admin', 'DESKTOP-BQ8PH7N/192.168.0.103', '78-0C-B8-93-39-33', '2017-11-30 20:13:07', NULL, NULL, NULL, NULL, NULL, NULL),
(31, 'admin', 'DESKTOP-BQ8PH7N/192.168.0.103', '78-0C-B8-93-39-33', '2017-11-30 20:14:38', NULL, NULL, NULL, NULL, NULL, NULL),
(32, 'admin', 'DESKTOP-BQ8PH7N/192.168.0.103', '78-0C-B8-93-39-33', '2017-11-30 20:15:40', NULL, NULL, NULL, NULL, NULL, NULL),
(33, 'admin', 'DESKTOP-BQ8PH7N/192.168.0.103', '78-0C-B8-93-39-33', '2017-11-30 20:16:14', NULL, NULL, NULL, NULL, NULL, NULL),
(34, 'admin', 'DESKTOP-BQ8PH7N/192.168.0.103', '78-0C-B8-93-39-33', '2017-11-30 20:25:01', NULL, NULL, NULL, NULL, NULL, NULL),
(35, 'admin', 'DESKTOP-BQ8PH7N/192.168.0.103', '78-0C-B8-93-39-33', '2017-11-30 20:27:51', NULL, NULL, NULL, NULL, NULL, NULL),
(36, 'admin', 'DESKTOP-BQ8PH7N/192.168.0.103', '78-0C-B8-93-39-33', '2017-11-30 20:28:15', NULL, NULL, NULL, NULL, NULL, NULL),
(37, 'admin', 'DESKTOP-BQ8PH7N/192.168.0.103', '78-0C-B8-93-39-33', '2017-11-30 20:29:09', NULL, NULL, NULL, NULL, NULL, NULL),
(38, 'admin', 'DESKTOP-BQ8PH7N/192.168.0.103', '78-0C-B8-93-39-33', '2017-11-30 20:38:50', NULL, NULL, NULL, NULL, NULL, NULL),
(39, 'admin', 'DESKTOP-BQ8PH7N/192.168.0.103', '78-0C-B8-93-39-33', '2017-11-30 20:49:29', NULL, NULL, NULL, NULL, NULL, NULL),
(40, 'admin', 'DESKTOP-BQ8PH7N/192.168.0.103', '78-0C-B8-93-39-33', '2017-11-30 20:50:52', NULL, NULL, NULL, NULL, NULL, NULL),
(41, 'admin', 'DESKTOP-BQ8PH7N/192.168.0.103', '78-0C-B8-93-39-33', '2017-11-30 20:51:29', NULL, NULL, NULL, NULL, NULL, NULL),
(42, 'admin', 'DESKTOP-BQ8PH7N/192.168.0.103', '78-0C-B8-93-39-33', '2017-11-30 20:52:15', NULL, NULL, NULL, NULL, NULL, NULL),
(43, 'admin', 'DESKTOP-BQ8PH7N/192.168.0.103', '78-0C-B8-93-39-33', '2017-11-30 20:52:45', NULL, NULL, NULL, NULL, NULL, NULL),
(44, 'admin', 'DESKTOP-BQ8PH7N/192.168.0.103', '78-0C-B8-93-39-33', '2017-11-30 20:53:03', NULL, NULL, NULL, NULL, NULL, NULL),
(45, 'admin', 'DESKTOP-BQ8PH7N/192.168.0.103', '78-0C-B8-93-39-33', '2017-11-30 20:56:36', NULL, NULL, NULL, NULL, NULL, NULL),
(46, 'admin', 'DESKTOP-BQ8PH7N/192.168.0.103', '78-0C-B8-93-39-33', '2017-11-30 20:58:07', NULL, NULL, NULL, NULL, NULL, NULL),
(47, 'admin', 'DESKTOP-BQ8PH7N/192.168.0.103', '78-0C-B8-93-39-33', '2017-11-30 21:00:22', NULL, NULL, NULL, NULL, NULL, NULL),
(48, 'admin', 'DESKTOP-BQ8PH7N/192.168.0.103', '78-0C-B8-93-39-33', '2017-11-30 21:00:38', NULL, NULL, NULL, NULL, NULL, NULL),
(49, 'admin', 'DESKTOP-BQ8PH7N/192.168.0.103', '78-0C-B8-93-39-33', '2017-11-30 21:04:26', NULL, NULL, NULL, NULL, NULL, NULL),
(50, 'admin', 'DESKTOP-BQ8PH7N/192.168.0.103', '78-0C-B8-93-39-33', '2017-11-30 21:05:04', NULL, NULL, NULL, NULL, NULL, NULL),
(51, 'admin', 'DESKTOP-BQ8PH7N/192.168.0.103', '78-0C-B8-93-39-33', '2017-11-30 21:05:59', NULL, NULL, NULL, NULL, NULL, NULL),
(52, 'admin', 'DESKTOP-BQ8PH7N/192.168.0.103', '78-0C-B8-93-39-33', '2017-11-30 21:15:16', NULL, NULL, NULL, NULL, NULL, NULL),
(53, 'admin', 'DESKTOP-BQ8PH7N/192.168.0.103', '78-0C-B8-93-39-33', '2017-11-30 21:16:15', NULL, NULL, NULL, NULL, NULL, NULL),
(54, 'admin', 'DESKTOP-BQ8PH7N/192.168.0.103', '78-0C-B8-93-39-33', '2017-11-30 21:16:27', NULL, NULL, NULL, NULL, NULL, NULL),
(55, 'admin', 'DESKTOP-BQ8PH7N/192.168.0.103', '78-0C-B8-93-39-33', '2017-11-30 21:18:35', NULL, NULL, NULL, NULL, NULL, NULL),
(56, 'admin', 'DESKTOP-BQ8PH7N/192.168.0.103', '78-0C-B8-93-39-33', '2017-11-30 21:24:05', NULL, NULL, NULL, NULL, NULL, NULL),
(57, 'admin', 'DESKTOP-BQ8PH7N/192.168.0.103', '78-0C-B8-93-39-33', '2017-11-30 21:25:10', NULL, NULL, NULL, NULL, NULL, NULL),
(58, 'admin', 'DESKTOP-BQ8PH7N/192.168.0.103', '78-0C-B8-93-39-33', '2017-11-30 21:25:52', NULL, NULL, NULL, NULL, NULL, NULL),
(59, 'admin', 'DESKTOP-BQ8PH7N/192.168.0.103', '78-0C-B8-93-39-33', '2017-11-30 21:26:29', NULL, NULL, NULL, NULL, NULL, NULL),
(60, 'admin', 'DESKTOP-BQ8PH7N/192.168.0.103', '78-0C-B8-93-39-33', '2017-11-30 21:42:28', NULL, NULL, NULL, NULL, NULL, NULL),
(61, 'admin', 'DESKTOP-BQ8PH7N/192.168.0.103', '78-0C-B8-93-39-33', '2017-11-30 21:42:40', NULL, NULL, NULL, NULL, NULL, NULL),
(62, 'admin', 'DESKTOP-BQ8PH7N/192.168.0.103', '78-0C-B8-93-39-33', '2017-11-30 21:43:17', NULL, NULL, NULL, NULL, NULL, NULL),
(63, 'admin', 'DESKTOP-BQ8PH7N/192.168.0.103', '78-0C-B8-93-39-33', '2017-11-30 21:44:03', NULL, NULL, NULL, NULL, NULL, NULL),
(64, 'admin', 'DESKTOP-BQ8PH7N/192.168.0.103', '78-0C-B8-93-39-33', '2017-11-30 21:44:30', NULL, NULL, NULL, NULL, NULL, NULL),
(65, 'admin', 'DESKTOP-BQ8PH7N/192.168.0.103', '78-0C-B8-93-39-33', '2017-11-30 21:53:36', NULL, NULL, NULL, NULL, NULL, NULL),
(66, 'admin', 'DESKTOP-BQ8PH7N/192.168.0.103', '78-0C-B8-93-39-33', '2017-11-30 21:54:30', NULL, NULL, NULL, NULL, NULL, NULL),
(67, 'admin', 'DESKTOP-BQ8PH7N/192.168.0.103', '78-0C-B8-93-39-33', '2017-11-30 21:56:26', NULL, NULL, NULL, NULL, NULL, NULL),
(68, 'admin', 'DESKTOP-BQ8PH7N/192.168.0.103', '78-0C-B8-93-39-33', '2017-11-30 21:56:50', NULL, NULL, NULL, NULL, NULL, NULL),
(69, 'admin', 'DESKTOP-BQ8PH7N/192.168.0.103', '78-0C-B8-93-39-33', '2017-11-30 22:04:50', NULL, NULL, NULL, NULL, NULL, NULL),
(70, 'admin', 'DESKTOP-BQ8PH7N/192.168.0.103', '78-0C-B8-93-39-33', '2017-11-30 22:30:36', NULL, NULL, NULL, NULL, NULL, NULL),
(71, 'admin', 'DESKTOP-BQ8PH7N/192.168.0.103', '78-0C-B8-93-39-33', '2017-11-30 22:31:05', NULL, NULL, NULL, NULL, NULL, NULL),
(72, 'admin', 'DESKTOP-BQ8PH7N/192.168.0.103', '78-0C-B8-93-39-33', '2017-11-30 22:31:50', NULL, NULL, NULL, NULL, NULL, NULL),
(73, 'admin', 'DESKTOP-BQ8PH7N/192.168.0.103', '78-0C-B8-93-39-33', '2017-11-30 22:34:07', NULL, NULL, NULL, NULL, NULL, NULL),
(74, 'admin', 'DESKTOP-BQ8PH7N/192.168.0.103', '78-0C-B8-93-39-33', '2017-11-30 22:36:39', NULL, NULL, NULL, NULL, NULL, NULL),
(75, 'admin', 'DESKTOP-BQ8PH7N/192.168.0.103', '78-0C-B8-93-39-33', '2017-11-30 22:38:56', NULL, NULL, NULL, NULL, NULL, NULL),
(76, 'admin', 'DESKTOP-BQ8PH7N/192.168.0.103', '78-0C-B8-93-39-33', '2017-11-30 22:40:01', NULL, NULL, NULL, NULL, NULL, NULL),
(77, 'admin', 'DESKTOP-BQ8PH7N/192.168.0.103', '78-0C-B8-93-39-33', '2017-11-30 22:41:11', NULL, NULL, NULL, NULL, NULL, NULL),
(78, 'admin', 'DESKTOP-BQ8PH7N/192.168.0.103', '78-0C-B8-93-39-33', '2017-11-30 22:44:11', NULL, NULL, NULL, NULL, NULL, NULL),
(79, 'admin', 'DESKTOP-BQ8PH7N/192.168.0.103', '78-0C-B8-93-39-33', '2017-11-30 22:44:48', NULL, NULL, NULL, NULL, NULL, NULL),
(80, 'admin', 'DESKTOP-BQ8PH7N/192.168.0.103', '78-0C-B8-93-39-33', '2017-11-30 22:45:17', NULL, NULL, NULL, NULL, NULL, NULL),
(81, 'admin', 'DESKTOP-BQ8PH7N/192.168.0.103', '78-0C-B8-93-39-33', '2017-11-30 22:46:21', NULL, NULL, NULL, NULL, NULL, NULL),
(82, 'admin', 'DESKTOP-BQ8PH7N/192.168.0.103', '78-0C-B8-93-39-33', '2017-11-30 22:47:48', NULL, NULL, NULL, NULL, NULL, NULL),
(83, 'admin', 'DESKTOP-BQ8PH7N/192.168.0.103', '78-0C-B8-93-39-33', '2017-11-30 22:48:32', NULL, NULL, NULL, NULL, NULL, NULL),
(84, 'admin', 'DESKTOP-BQ8PH7N/192.168.0.103', '78-0C-B8-93-39-33', '2017-11-30 22:49:17', NULL, NULL, NULL, NULL, NULL, NULL),
(85, 'admin', 'DESKTOP-BQ8PH7N/192.168.0.103', '78-0C-B8-93-39-33', '2017-11-30 22:54:14', NULL, NULL, NULL, NULL, NULL, NULL),
(86, 'admin', 'DESKTOP-BQ8PH7N/192.168.0.103', '78-0C-B8-93-39-33', '2017-11-30 22:57:45', NULL, NULL, NULL, NULL, NULL, NULL),
(87, 'admin', 'DESKTOP-BQ8PH7N/192.168.137.1', '7A-0C-B8-93-39-33', '2017-12-05 10:25:01', NULL, NULL, NULL, NULL, NULL, NULL),
(88, 'admin', 'DESKTOP-BQ8PH7N/192.168.137.1', '7A-0C-B8-93-39-33', '2017-12-05 10:29:43', NULL, NULL, NULL, NULL, NULL, NULL),
(89, 'admin', 'DESKTOP-BQ8PH7N/192.168.137.1', '7A-0C-B8-93-39-33', '2017-12-05 10:54:33', NULL, NULL, NULL, NULL, NULL, NULL),
(90, 'admin', 'DESKTOP-BQ8PH7N/192.168.137.1', '7A-0C-B8-93-39-33', '2017-12-05 11:22:25', NULL, NULL, NULL, NULL, NULL, NULL),
(91, 'admin', 'DESKTOP-BQ8PH7N/192.168.137.1', '7A-0C-B8-93-39-33', '2017-12-05 11:27:47', NULL, NULL, NULL, NULL, NULL, NULL),
(92, 'admin', 'DESKTOP-BQ8PH7N/192.168.137.1', '7A-0C-B8-93-39-33', '2017-12-05 11:28:11', NULL, NULL, NULL, NULL, NULL, NULL),
(93, 'admin', 'DESKTOP-BQ8PH7N/192.168.137.1', '7A-0C-B8-93-39-33', '2017-12-05 11:30:05', NULL, NULL, NULL, NULL, NULL, NULL),
(94, 'admin', 'DESKTOP-BQ8PH7N/192.168.137.1', '7A-0C-B8-93-39-33', '2017-12-05 11:30:39', NULL, NULL, NULL, NULL, NULL, NULL),
(95, 'admin', 'DESKTOP-BQ8PH7N/192.168.137.1', '7A-0C-B8-93-39-33', '2017-12-05 11:31:02', NULL, NULL, NULL, NULL, NULL, NULL),
(96, 'admin', 'DESKTOP-BQ8PH7N/192.168.137.1', '7A-0C-B8-93-39-33', '2017-12-05 11:33:35', NULL, NULL, NULL, NULL, NULL, NULL),
(97, 'admin', 'DESKTOP-BQ8PH7N/192.168.137.1', '7A-0C-B8-93-39-33', '2017-12-05 11:34:32', NULL, NULL, NULL, NULL, NULL, NULL),
(98, 'admin', 'DESKTOP-BQ8PH7N/192.168.137.1', '7A-0C-B8-93-39-33', '2017-12-05 11:35:49', NULL, NULL, NULL, NULL, NULL, NULL),
(99, 'admin', 'DESKTOP-BQ8PH7N/192.168.137.1', '7A-0C-B8-93-39-33', '2017-12-05 11:37:05', NULL, NULL, NULL, NULL, NULL, NULL),
(100, 'admin', 'DESKTOP-BQ8PH7N/192.168.137.1', '7A-0C-B8-93-39-33', '2017-12-05 11:38:37', NULL, NULL, NULL, NULL, NULL, NULL),
(101, 'admin', 'DESKTOP-BQ8PH7N/192.168.137.1', '7A-0C-B8-93-39-33', '2017-12-05 11:41:26', NULL, NULL, NULL, NULL, NULL, NULL),
(102, 'admin', 'DESKTOP-BQ8PH7N/192.168.137.1', '7A-0C-B8-93-39-33', '2017-12-05 11:42:32', NULL, NULL, NULL, NULL, NULL, NULL),
(103, 'admin', 'DESKTOP-BQ8PH7N/192.168.137.1', '7A-0C-B8-93-39-33', '2017-12-05 11:43:57', NULL, NULL, NULL, NULL, NULL, NULL),
(104, 'admin', 'DESKTOP-BQ8PH7N/192.168.137.1', '7A-0C-B8-93-39-33', '2017-12-05 11:51:29', NULL, NULL, NULL, NULL, NULL, NULL),
(105, 'admin', 'DESKTOP-BQ8PH7N/192.168.137.1', '7A-0C-B8-93-39-33', '2017-12-05 11:52:26', NULL, NULL, NULL, NULL, NULL, NULL),
(106, 'admin', 'DESKTOP-BQ8PH7N/192.168.137.1', '7A-0C-B8-93-39-33', '2017-12-05 11:53:54', NULL, NULL, NULL, NULL, NULL, NULL),
(107, 'admin', 'DESKTOP-BQ8PH7N/192.168.137.1', '7A-0C-B8-93-39-33', '2017-12-05 11:55:21', NULL, NULL, NULL, NULL, NULL, NULL),
(108, 'admin', 'DESKTOP-BQ8PH7N/192.168.137.1', '7A-0C-B8-93-39-33', '2017-12-05 11:56:13', NULL, NULL, NULL, NULL, NULL, NULL),
(109, 'admin', 'DESKTOP-BQ8PH7N/192.168.137.1', '7A-0C-B8-93-39-33', '2017-12-05 11:57:00', NULL, NULL, NULL, NULL, NULL, NULL),
(110, 'admin', 'DESKTOP-BQ8PH7N/192.168.137.1', '7A-0C-B8-93-39-33', '2017-12-05 11:57:28', NULL, NULL, NULL, NULL, NULL, NULL),
(111, 'admin', 'DESKTOP-BQ8PH7N/192.168.137.1', '7A-0C-B8-93-39-33', '2017-12-05 11:57:46', NULL, NULL, NULL, NULL, NULL, NULL),
(112, 'admin', 'DESKTOP-BQ8PH7N/192.168.137.1', '7A-0C-B8-93-39-33', '2017-12-05 11:59:08', NULL, NULL, NULL, NULL, NULL, NULL),
(113, 'admin', 'DESKTOP-BQ8PH7N/192.168.137.1', '7A-0C-B8-93-39-33', '2017-12-05 11:59:43', NULL, NULL, NULL, NULL, NULL, NULL),
(114, 'admin', 'DESKTOP-BQ8PH7N/192.168.137.1', '7A-0C-B8-93-39-33', '2017-12-05 12:00:30', NULL, NULL, NULL, NULL, NULL, NULL),
(115, 'admin', 'DESKTOP-BQ8PH7N/192.168.137.1', '7A-0C-B8-93-39-33', '2017-12-05 12:02:17', NULL, NULL, NULL, NULL, NULL, NULL),
(116, 'admin', 'DESKTOP-BQ8PH7N/192.168.137.1', '7A-0C-B8-93-39-33', '2017-12-05 12:04:19', NULL, NULL, NULL, NULL, NULL, NULL),
(117, 'admin', 'DESKTOP-BQ8PH7N/192.168.137.1', '7A-0C-B8-93-39-33', '2017-12-05 12:05:42', NULL, NULL, NULL, NULL, NULL, NULL),
(118, 'admin', 'DESKTOP-BQ8PH7N/192.168.137.1', '7A-0C-B8-93-39-33', '2017-12-05 12:06:34', NULL, NULL, NULL, NULL, NULL, NULL),
(119, 'admin', 'DESKTOP-BQ8PH7N/192.168.137.1', '7A-0C-B8-93-39-33', '2017-12-05 12:07:03', NULL, NULL, NULL, NULL, NULL, NULL),
(120, 'admin', 'DESKTOP-BQ8PH7N/192.168.137.1', '7A-0C-B8-93-39-33', '2017-12-05 12:08:23', NULL, NULL, NULL, NULL, NULL, NULL),
(121, 'admin', 'DESKTOP-BQ8PH7N/192.168.137.1', '7A-0C-B8-93-39-33', '2017-12-05 12:08:59', NULL, NULL, NULL, NULL, NULL, NULL),
(122, 'admin', 'DESKTOP-BQ8PH7N/192.168.137.1', '7A-0C-B8-93-39-33', '2017-12-05 12:11:35', NULL, NULL, NULL, NULL, NULL, NULL),
(123, 'admin', 'DESKTOP-BQ8PH7N/192.168.137.1', '7A-0C-B8-93-39-33', '2017-12-05 12:15:19', NULL, NULL, NULL, NULL, NULL, NULL),
(124, 'admin', 'DESKTOP-BQ8PH7N/192.168.137.1', '7A-0C-B8-93-39-33', '2017-12-05 12:17:37', NULL, NULL, NULL, NULL, NULL, NULL),
(125, 'admin', 'DESKTOP-BQ8PH7N/192.168.137.1', '7A-0C-B8-93-39-33', '2017-12-05 12:19:00', NULL, NULL, NULL, NULL, NULL, NULL),
(126, 'admin', 'DESKTOP-BQ8PH7N/192.168.137.1', '7A-0C-B8-93-39-33', '2017-12-05 12:20:35', NULL, NULL, NULL, NULL, NULL, NULL),
(127, 'admin', 'DESKTOP-BQ8PH7N/192.168.137.1', '7A-0C-B8-93-39-33', '2017-12-05 12:20:52', NULL, NULL, NULL, NULL, NULL, NULL),
(128, 'admin', 'DESKTOP-BQ8PH7N/192.168.137.1', '7A-0C-B8-93-39-33', '2017-12-05 12:21:36', NULL, NULL, NULL, NULL, NULL, NULL),
(129, 'admin', 'DESKTOP-BQ8PH7N/192.168.137.1', '7A-0C-B8-93-39-33', '2017-12-05 12:23:40', NULL, NULL, NULL, NULL, NULL, NULL),
(130, 'admin', 'DESKTOP-BQ8PH7N/192.168.137.1', '7A-0C-B8-93-39-33', '2017-12-05 12:24:12', NULL, NULL, NULL, NULL, NULL, NULL),
(131, 'admin', 'DESKTOP-BQ8PH7N/192.168.137.1', '7A-0C-B8-93-39-33', '2017-12-05 12:25:00', NULL, NULL, NULL, NULL, NULL, NULL),
(132, 'admin', 'DESKTOP-BQ8PH7N/192.168.137.1', '7A-0C-B8-93-39-33', '2017-12-05 12:25:11', NULL, NULL, NULL, NULL, NULL, NULL),
(133, 'admin', 'DESKTOP-BQ8PH7N/192.168.137.1', '7A-0C-B8-93-39-33', '2017-12-05 12:26:23', NULL, NULL, NULL, NULL, NULL, NULL),
(134, 'admin', 'DESKTOP-BQ8PH7N/192.168.137.1', '7A-0C-B8-93-39-33', '2017-12-05 12:29:58', NULL, NULL, NULL, NULL, NULL, NULL),
(135, 'admin', 'DESKTOP-BQ8PH7N/192.168.137.1', '7A-0C-B8-93-39-33', '2017-12-05 12:31:10', NULL, NULL, NULL, NULL, NULL, NULL),
(136, 'admin', 'DESKTOP-BQ8PH7N/192.168.137.1', '7A-0C-B8-93-39-33', '2017-12-05 12:33:16', NULL, NULL, NULL, NULL, NULL, NULL),
(137, 'admin', 'DESKTOP-BQ8PH7N/192.168.137.1', '7A-0C-B8-93-39-33', '2017-12-05 12:41:25', NULL, NULL, NULL, NULL, NULL, NULL),
(138, 'admin', 'DESKTOP-BQ8PH7N/192.168.137.1', '7A-0C-B8-93-39-33', '2017-12-05 12:48:07', NULL, NULL, NULL, NULL, NULL, NULL),
(139, 'admin', 'DESKTOP-BQ8PH7N/192.168.137.1', '7A-0C-B8-93-39-33', '2017-12-05 12:48:21', NULL, NULL, NULL, NULL, NULL, NULL),
(140, 'admin', 'DESKTOP-BQ8PH7N/192.168.137.1', '7A-0C-B8-93-39-33', '2017-12-05 12:49:15', NULL, NULL, NULL, NULL, NULL, NULL),
(141, 'admin', 'DESKTOP-BQ8PH7N/192.168.137.1', '7A-0C-B8-93-39-33', '2017-12-05 12:51:00', NULL, NULL, NULL, NULL, NULL, NULL),
(142, 'admin', 'DESKTOP-BQ8PH7N/192.168.137.1', '7A-0C-B8-93-39-33', '2017-12-05 12:52:22', NULL, NULL, NULL, NULL, NULL, NULL),
(143, 'admin', 'DESKTOP-BQ8PH7N/192.168.137.1', '7A-0C-B8-93-39-33', '2017-12-05 12:54:09', NULL, NULL, NULL, NULL, NULL, NULL),
(144, 'admin', 'DESKTOP-BQ8PH7N/192.168.137.1', '7A-0C-B8-93-39-33', '2017-12-05 12:55:20', NULL, NULL, NULL, NULL, NULL, NULL),
(145, 'admin', 'DESKTOP-BQ8PH7N/192.168.137.1', '7A-0C-B8-93-39-33', '2017-12-05 12:56:57', NULL, NULL, NULL, NULL, NULL, NULL),
(146, 'admin', 'DESKTOP-BQ8PH7N/192.168.137.1', '7A-0C-B8-93-39-33', '2017-12-05 12:59:34', NULL, NULL, NULL, NULL, NULL, NULL),
(147, 'admin', 'DESKTOP-BQ8PH7N/192.168.137.1', '7A-0C-B8-93-39-33', '2017-12-05 13:01:00', NULL, NULL, NULL, NULL, NULL, NULL),
(148, 'admin', 'DESKTOP-BQ8PH7N/192.168.137.1', '7A-0C-B8-93-39-33', '2017-12-05 13:01:52', NULL, NULL, NULL, NULL, NULL, NULL),
(149, 'admin', 'DESKTOP-BQ8PH7N/192.168.137.1', '7A-0C-B8-93-39-33', '2017-12-05 13:04:06', NULL, NULL, NULL, NULL, NULL, NULL),
(150, 'admin', 'DESKTOP-BQ8PH7N/192.168.137.1', '7A-0C-B8-93-39-33', '2017-12-05 13:05:52', NULL, NULL, NULL, NULL, NULL, NULL),
(151, 'admin', 'DESKTOP-BQ8PH7N/192.168.137.1', '7A-0C-B8-93-39-33', '2017-12-05 13:06:13', NULL, NULL, NULL, NULL, NULL, NULL),
(152, 'admin', 'DESKTOP-BQ8PH7N/192.168.137.1', '7A-0C-B8-93-39-33', '2017-12-05 13:08:10', NULL, NULL, NULL, NULL, NULL, NULL),
(153, 'admin', 'DESKTOP-BQ8PH7N/192.168.137.1', '7A-0C-B8-93-39-33', '2017-12-05 13:08:36', NULL, NULL, NULL, NULL, NULL, NULL),
(154, 'admin', 'DESKTOP-BQ8PH7N/192.168.137.1', '7A-0C-B8-93-39-33', '2017-12-05 13:09:30', NULL, NULL, NULL, NULL, NULL, NULL),
(155, 'admin', 'DESKTOP-BQ8PH7N/192.168.137.1', '7A-0C-B8-93-39-33', '2017-12-05 13:10:24', NULL, NULL, NULL, NULL, NULL, NULL),
(156, 'admin', 'DESKTOP-BQ8PH7N/192.168.137.1', '7A-0C-B8-93-39-33', '2017-12-05 13:12:09', NULL, NULL, NULL, NULL, NULL, NULL),
(157, 'admin', 'DESKTOP-BQ8PH7N/192.168.137.1', '7A-0C-B8-93-39-33', '2017-12-05 13:15:54', NULL, NULL, NULL, NULL, NULL, NULL),
(158, 'admin', 'DESKTOP-BQ8PH7N/192.168.137.1', '7A-0C-B8-93-39-33', '2017-12-05 13:16:39', NULL, NULL, NULL, NULL, NULL, NULL),
(159, 'admin', 'DESKTOP-BQ8PH7N/192.168.137.1', '7A-0C-B8-93-39-33', '2017-12-05 13:32:42', NULL, NULL, NULL, NULL, NULL, NULL),
(160, 'admin', 'DESKTOP-BQ8PH7N/192.168.137.1', '7A-0C-B8-93-39-33', '2017-12-05 13:35:35', NULL, NULL, NULL, NULL, NULL, NULL),
(161, 'admin', 'DESKTOP-BQ8PH7N/192.168.137.1', '7A-0C-B8-93-39-33', '2017-12-05 13:37:48', NULL, NULL, NULL, NULL, NULL, NULL),
(162, 'admin', 'DESKTOP-BQ8PH7N/192.168.137.1', '7A-0C-B8-93-39-33', '2017-12-05 13:38:48', NULL, NULL, NULL, NULL, NULL, NULL),
(163, 'admin', 'DESKTOP-BQ8PH7N/192.168.137.1', '7A-0C-B8-93-39-33', '2017-12-05 13:39:38', NULL, NULL, NULL, NULL, NULL, NULL),
(164, 'admin', 'DESKTOP-BQ8PH7N/192.168.137.1', '7A-0C-B8-93-39-33', '2017-12-05 13:43:31', NULL, NULL, NULL, NULL, NULL, NULL),
(165, 'admin', 'DESKTOP-BQ8PH7N/192.168.137.1', '7A-0C-B8-93-39-33', '2017-12-05 13:44:15', NULL, NULL, NULL, NULL, NULL, NULL),
(166, 'admin', 'DESKTOP-BQ8PH7N/192.168.137.1', '7A-0C-B8-93-39-33', '2017-12-05 13:44:52', NULL, NULL, NULL, NULL, NULL, NULL),
(167, 'admin', 'DESKTOP-BQ8PH7N/192.168.137.1', '7A-0C-B8-93-39-33', '2017-12-05 13:45:36', NULL, NULL, NULL, NULL, NULL, NULL),
(168, 'admin', 'DESKTOP-BQ8PH7N/192.168.137.1', '7A-0C-B8-93-39-33', '2017-12-05 13:46:11', NULL, NULL, NULL, NULL, NULL, NULL),
(169, 'admin', 'DESKTOP-BQ8PH7N/192.168.137.1', '7A-0C-B8-93-39-33', '2017-12-05 13:46:50', NULL, NULL, NULL, NULL, NULL, NULL),
(170, 'admin', 'DESKTOP-BQ8PH7N/192.168.137.1', '7A-0C-B8-93-39-33', '2017-12-05 13:47:18', NULL, NULL, NULL, NULL, NULL, NULL),
(171, 'admin', 'DESKTOP-BQ8PH7N/192.168.137.1', '7A-0C-B8-93-39-33', '2017-12-05 13:48:26', NULL, NULL, NULL, NULL, NULL, NULL),
(172, 'admin', 'DESKTOP-BQ8PH7N/192.168.137.1', '7A-0C-B8-93-39-33', '2017-12-05 13:52:16', NULL, NULL, NULL, NULL, NULL, NULL),
(173, 'admin', 'DESKTOP-BQ8PH7N/192.168.137.1', '7A-0C-B8-93-39-33', '2017-12-05 13:53:01', NULL, NULL, NULL, NULL, NULL, NULL),
(174, 'admin', 'DESKTOP-BQ8PH7N/192.168.137.1', '7A-0C-B8-93-39-33', '2017-12-05 13:53:25', NULL, NULL, NULL, NULL, NULL, NULL),
(175, 'admin', 'DESKTOP-BQ8PH7N/192.168.137.1', '7A-0C-B8-93-39-33', '2017-12-05 14:04:49', NULL, NULL, NULL, NULL, NULL, NULL),
(176, 'admin', 'DESKTOP-BQ8PH7N/192.168.137.1', '7A-0C-B8-93-39-33', '2017-12-05 15:16:48', NULL, NULL, NULL, NULL, NULL, NULL),
(177, 'admin', 'DESKTOP-BQ8PH7N/192.168.137.1', '7A-0C-B8-93-39-33', '2017-12-05 15:33:50', NULL, NULL, NULL, NULL, NULL, NULL),
(178, 'admin', 'DESKTOP-BQ8PH7N/192.168.137.1', '7A-0C-B8-93-39-33', '2017-12-05 15:57:54', NULL, NULL, NULL, NULL, NULL, NULL),
(179, 'admin', 'DESKTOP-BQ8PH7N/192.168.137.1', '7A-0C-B8-93-39-33', '2017-12-05 15:58:06', NULL, NULL, NULL, NULL, NULL, NULL),
(180, 'admin', 'DESKTOP-BQ8PH7N/192.168.0.103', '78-0C-B8-93-39-33', '2017-12-05 20:06:13', NULL, NULL, NULL, NULL, NULL, NULL),
(181, 'admin', 'DESKTOP-BQ8PH7N/192.168.0.103', '78-0C-B8-93-39-33', '2017-12-05 20:08:04', NULL, NULL, NULL, NULL, NULL, NULL),
(182, 'admin', 'DESKTOP-BQ8PH7N/192.168.0.103', '78-0C-B8-93-39-33', '2017-12-05 20:14:30', NULL, NULL, NULL, NULL, NULL, NULL),
(183, 'admin', 'DESKTOP-BQ8PH7N/192.168.0.103', '78-0C-B8-93-39-33', '2017-12-05 20:14:39', NULL, NULL, NULL, NULL, NULL, NULL),
(184, 'admin', 'DESKTOP-BQ8PH7N/192.168.0.103', '78-0C-B8-93-39-33', '2017-12-05 20:15:53', NULL, NULL, NULL, NULL, NULL, NULL),
(185, 'admin', 'DESKTOP-BQ8PH7N/192.168.0.103', '78-0C-B8-93-39-33', '2017-12-05 20:19:08', NULL, NULL, NULL, NULL, NULL, NULL),
(186, 'admin', 'DESKTOP-BQ8PH7N/192.168.0.103', '78-0C-B8-93-39-33', '2017-12-05 20:20:36', NULL, NULL, NULL, NULL, NULL, NULL),
(187, 'admin', 'DESKTOP-BQ8PH7N/192.168.0.103', '78-0C-B8-93-39-33', '2017-12-05 20:21:31', NULL, NULL, NULL, NULL, NULL, NULL),
(188, 'admin', 'DESKTOP-BQ8PH7N/192.168.0.103', '78-0C-B8-93-39-33', '2017-12-05 20:23:17', NULL, NULL, NULL, NULL, NULL, NULL),
(189, 'admin', 'DESKTOP-BQ8PH7N/192.168.0.103', '78-0C-B8-93-39-33', '2017-12-05 20:24:11', NULL, NULL, NULL, NULL, NULL, NULL),
(190, 'admin', 'DESKTOP-BQ8PH7N/192.168.0.103', '78-0C-B8-93-39-33', '2017-12-05 20:24:45', NULL, NULL, NULL, NULL, NULL, NULL),
(191, 'admin', 'DESKTOP-BQ8PH7N/192.168.0.103', '78-0C-B8-93-39-33', '2017-12-05 20:25:39', NULL, NULL, NULL, NULL, NULL, NULL),
(192, 'admin', 'DESKTOP-BQ8PH7N/192.168.0.103', '78-0C-B8-93-39-33', '2017-12-05 20:26:10', NULL, NULL, NULL, NULL, NULL, NULL),
(193, 'admin', 'DESKTOP-BQ8PH7N/192.168.0.103', '78-0C-B8-93-39-33', '2017-12-05 20:29:29', NULL, NULL, NULL, NULL, NULL, NULL),
(194, 'admin', 'DESKTOP-BQ8PH7N/192.168.0.103', '78-0C-B8-93-39-33', '2017-12-05 20:32:56', NULL, NULL, NULL, NULL, NULL, NULL),
(195, 'admin', 'DESKTOP-BQ8PH7N/192.168.0.103', '78-0C-B8-93-39-33', '2017-12-05 20:34:03', NULL, NULL, NULL, NULL, NULL, NULL),
(196, 'admin', 'DESKTOP-BQ8PH7N/192.168.0.103', '78-0C-B8-93-39-33', '2017-12-05 20:35:42', NULL, NULL, NULL, NULL, NULL, NULL),
(197, 'admin', 'DESKTOP-BQ8PH7N/192.168.0.103', '78-0C-B8-93-39-33', '2017-12-05 20:36:57', NULL, NULL, NULL, NULL, NULL, NULL),
(198, 'admin', 'DESKTOP-BQ8PH7N/192.168.0.103', '78-0C-B8-93-39-33', '2017-12-05 20:39:54', NULL, NULL, NULL, NULL, NULL, NULL),
(199, 'admin', 'DESKTOP-BQ8PH7N/192.168.0.103', '78-0C-B8-93-39-33', '2017-12-05 20:42:31', NULL, NULL, NULL, NULL, NULL, NULL),
(200, 'admin', 'DESKTOP-BQ8PH7N/192.168.0.103', '78-0C-B8-93-39-33', '2017-12-05 20:44:23', NULL, NULL, NULL, NULL, NULL, NULL),
(201, 'admin', 'DESKTOP-BQ8PH7N/192.168.0.103', '78-0C-B8-93-39-33', '2017-12-05 20:45:13', NULL, NULL, NULL, NULL, NULL, NULL),
(202, 'admin', 'DESKTOP-BQ8PH7N/192.168.0.103', '78-0C-B8-93-39-33', '2017-12-05 20:46:32', NULL, NULL, NULL, NULL, NULL, NULL),
(203, 'admin', 'DESKTOP-BQ8PH7N/192.168.0.103', '78-0C-B8-93-39-33', '2017-12-05 20:47:33', NULL, NULL, NULL, NULL, NULL, NULL),
(204, 'admin', 'DESKTOP-BQ8PH7N/192.168.0.103', '78-0C-B8-93-39-33', '2017-12-05 20:48:22', NULL, NULL, NULL, NULL, NULL, NULL),
(205, 'admin', 'DESKTOP-BQ8PH7N/192.168.0.103', '78-0C-B8-93-39-33', '2017-12-05 20:49:11', NULL, NULL, NULL, NULL, NULL, NULL),
(206, 'admin', 'DESKTOP-BQ8PH7N/192.168.0.103', '78-0C-B8-93-39-33', '2017-12-05 20:50:16', NULL, NULL, NULL, NULL, NULL, NULL),
(207, 'admin', 'DESKTOP-BQ8PH7N/192.168.0.103', '78-0C-B8-93-39-33', '2017-12-05 20:51:09', NULL, NULL, NULL, NULL, NULL, NULL),
(208, 'admin', 'DESKTOP-BQ8PH7N/192.168.0.103', '78-0C-B8-93-39-33', '2017-12-05 20:51:39', NULL, NULL, NULL, NULL, NULL, NULL),
(209, 'admin', 'DESKTOP-BQ8PH7N/192.168.0.103', '78-0C-B8-93-39-33', '2017-12-05 20:52:19', NULL, NULL, NULL, NULL, NULL, NULL),
(210, 'admin', 'DESKTOP-BQ8PH7N/192.168.0.103', '78-0C-B8-93-39-33', '2017-12-05 20:55:37', NULL, NULL, NULL, NULL, NULL, NULL),
(211, 'admin', 'DESKTOP-BQ8PH7N/192.168.0.103', '78-0C-B8-93-39-33', '2017-12-05 20:58:39', NULL, NULL, NULL, NULL, NULL, NULL),
(212, 'admin', 'DESKTOP-BQ8PH7N/192.168.0.103', '78-0C-B8-93-39-33', '2017-12-05 21:01:23', NULL, NULL, NULL, NULL, NULL, NULL),
(213, 'admin', 'DESKTOP-BQ8PH7N/192.168.0.103', '78-0C-B8-93-39-33', '2017-12-05 21:02:58', NULL, NULL, NULL, NULL, NULL, NULL),
(214, 'admin', 'DESKTOP-BQ8PH7N/192.168.0.103', '78-0C-B8-93-39-33', '2017-12-05 21:04:00', NULL, NULL, NULL, NULL, NULL, NULL),
(215, 'admin', 'DESKTOP-BQ8PH7N/192.168.0.103', '78-0C-B8-93-39-33', '2017-12-05 21:04:37', NULL, NULL, NULL, NULL, NULL, NULL),
(216, 'admin', 'DESKTOP-BQ8PH7N/192.168.0.103', '78-0C-B8-93-39-33', '2017-12-05 21:05:42', NULL, NULL, NULL, NULL, NULL, NULL),
(217, 'admin', 'DESKTOP-BQ8PH7N/192.168.0.103', '78-0C-B8-93-39-33', '2017-12-05 21:10:55', NULL, NULL, NULL, NULL, NULL, NULL),
(218, 'admin', 'DESKTOP-BQ8PH7N/192.168.0.103', '78-0C-B8-93-39-33', '2017-12-05 21:12:25', NULL, NULL, NULL, NULL, NULL, NULL),
(219, 'admin', 'DESKTOP-BQ8PH7N/192.168.0.103', '78-0C-B8-93-39-33', '2017-12-05 21:19:48', NULL, NULL, NULL, NULL, NULL, NULL),
(220, 'anil', 'DESKTOP-BQ8PH7N/192.168.0.103', '78-0C-B8-93-39-33', '2017-12-05 21:20:40', NULL, NULL, NULL, NULL, NULL, NULL),
(221, 'admin', 'DESKTOP-BQ8PH7N/192.168.0.103', '78-0C-B8-93-39-33', '2017-12-05 21:20:55', NULL, NULL, NULL, NULL, NULL, NULL),
(222, 'admin', 'DESKTOP-BQ8PH7N/192.168.0.103', '78-0C-B8-93-39-33', '2017-12-05 21:36:51', NULL, NULL, NULL, NULL, NULL, NULL),
(223, 'admin', 'DESKTOP-BQ8PH7N/192.168.0.103', '78-0C-B8-93-39-33', '2017-12-05 21:37:40', NULL, NULL, NULL, NULL, NULL, NULL),
(224, 'admin', 'DESKTOP-BQ8PH7N/192.168.0.103', '78-0C-B8-93-39-33', '2017-12-05 21:39:30', NULL, NULL, NULL, NULL, NULL, NULL),
(225, 'admin', 'DESKTOP-BQ8PH7N/192.168.0.103', '78-0C-B8-93-39-33', '2017-12-05 21:40:04', NULL, NULL, NULL, NULL, NULL, NULL),
(226, 'admin', 'DESKTOP-BQ8PH7N/192.168.0.103', '78-0C-B8-93-39-33', '2017-12-05 21:43:01', NULL, NULL, NULL, NULL, NULL, NULL),
(227, 'admin', 'DESKTOP-BQ8PH7N/192.168.0.103', '78-0C-B8-93-39-33', '2017-12-05 21:43:29', NULL, NULL, NULL, NULL, NULL, NULL),
(228, 'anil', 'DESKTOP-BQ8PH7N/192.168.0.103', '78-0C-B8-93-39-33', '2017-12-05 21:44:21', NULL, NULL, NULL, NULL, NULL, NULL),
(229, 'admin', 'DESKTOP-BQ8PH7N/192.168.0.103', '78-0C-B8-93-39-33', '2017-12-05 21:44:37', NULL, NULL, NULL, NULL, NULL, NULL),
(230, 'admin', 'DESKTOP-BQ8PH7N/192.168.137.1', '7A-0C-B8-93-39-33', '2017-12-06 10:27:20', NULL, NULL, NULL, NULL, NULL, NULL),
(231, 'mick', 'DESKTOP-BQ8PH7N/192.168.137.1', '7A-0C-B8-93-39-33', '2017-12-06 10:30:27', NULL, NULL, NULL, NULL, NULL, NULL),
(232, 'mick', 'DESKTOP-BQ8PH7N/192.168.137.1', '7A-0C-B8-93-39-33', '2017-12-06 10:33:42', NULL, NULL, NULL, NULL, NULL, NULL),
(233, 'mick', 'DESKTOP-BQ8PH7N/192.168.137.1', '7A-0C-B8-93-39-33', '2017-12-06 10:42:37', NULL, NULL, NULL, NULL, NULL, NULL),
(234, 'admin', 'DESKTOP-BQ8PH7N/192.168.137.1', '7A-0C-B8-93-39-33', '2017-12-06 10:42:56', NULL, NULL, NULL, NULL, NULL, NULL),
(235, 'admin', 'DESKTOP-BQ8PH7N/192.168.137.1', '7A-0C-B8-93-39-33', '2017-12-06 11:49:51', NULL, NULL, NULL, NULL, NULL, NULL),
(236, 'admin', 'DESKTOP-BQ8PH7N/192.168.137.1', '7A-0C-B8-93-39-33', '2017-12-06 11:52:16', NULL, NULL, NULL, NULL, NULL, NULL),
(237, 'admin', 'DESKTOP-BQ8PH7N/192.168.137.1', '7A-0C-B8-93-39-33', '2017-12-06 11:53:39', NULL, NULL, NULL, NULL, NULL, NULL),
(238, 'anil', 'DESKTOP-BQ8PH7N/192.168.137.1', '7A-0C-B8-93-39-33', '2017-12-06 11:54:17', NULL, NULL, NULL, NULL, NULL, NULL),
(239, 'anil', 'DESKTOP-BQ8PH7N/192.168.137.1', '7A-0C-B8-93-39-33', '2017-12-06 11:56:27', NULL, NULL, NULL, NULL, NULL, NULL),
(240, 'anil', 'DESKTOP-BQ8PH7N/192.168.137.1', '7A-0C-B8-93-39-33', '2017-12-06 11:56:36', NULL, NULL, NULL, NULL, NULL, NULL),
(241, 'anil', 'DESKTOP-BQ8PH7N/192.168.137.1', '7A-0C-B8-93-39-33', '2017-12-06 12:05:27', NULL, NULL, NULL, NULL, NULL, NULL),
(242, 'admin', 'DESKTOP-BQ8PH7N/192.168.137.1', '7A-0C-B8-93-39-33', '2017-12-06 12:05:44', NULL, NULL, NULL, NULL, NULL, NULL),
(243, 'admin', 'DESKTOP-BQ8PH7N/192.168.137.1', '7A-0C-B8-93-39-33', '2017-12-06 12:06:56', NULL, NULL, NULL, NULL, NULL, NULL),
(244, 'admin', 'DESKTOP-BQ8PH7N/192.168.137.1', '7A-0C-B8-93-39-33', '2017-12-06 12:49:15', NULL, NULL, NULL, NULL, NULL, NULL),
(245, 'admin', 'DESKTOP-BQ8PH7N/192.168.137.1', '7A-0C-B8-93-39-33', '2017-12-06 12:52:19', NULL, NULL, NULL, NULL, NULL, NULL),
(246, 'admin', 'DESKTOP-BQ8PH7N/192.168.137.1', '7A-0C-B8-93-39-33', '2017-12-06 13:03:31', NULL, NULL, NULL, NULL, NULL, NULL),
(247, 'admin', 'DESKTOP-BQ8PH7N/192.168.137.1', '7A-0C-B8-93-39-33', '2017-12-06 13:05:26', NULL, NULL, NULL, NULL, NULL, NULL),
(248, 'admin', 'DESKTOP-BQ8PH7N/192.168.137.1', '7A-0C-B8-93-39-33', '2017-12-06 13:06:13', NULL, NULL, NULL, NULL, NULL, NULL),
(249, 'admin', 'DESKTOP-BQ8PH7N/192.168.137.1', '7A-0C-B8-93-39-33', '2017-12-06 13:07:01', NULL, NULL, NULL, NULL, NULL, NULL),
(250, 'anil', 'DESKTOP-BQ8PH7N/192.168.137.1', '7A-0C-B8-93-39-33', '2017-12-06 13:29:34', NULL, NULL, NULL, NULL, NULL, NULL),
(251, 'anil', 'DESKTOP-BQ8PH7N/192.168.137.1', '7A-0C-B8-93-39-33', '2017-12-06 13:40:07', NULL, NULL, NULL, NULL, NULL, NULL),
(252, 'admin', 'DESKTOP-BQ8PH7N/192.168.137.1', '7A-0C-B8-93-39-33', '2017-12-06 13:40:26', NULL, NULL, NULL, NULL, NULL, NULL),
(253, 'admin', 'DESKTOP-BQ8PH7N/192.168.137.1', '7A-0C-B8-93-39-33', '2017-12-06 13:48:54', NULL, NULL, NULL, NULL, NULL, NULL),
(254, 'admin', 'DESKTOP-BQ8PH7N/192.168.137.1', '7A-0C-B8-93-39-33', '2017-12-06 13:49:01', NULL, NULL, NULL, NULL, NULL, NULL),
(255, 'admin', 'DESKTOP-BQ8PH7N/192.168.137.1', '7A-0C-B8-93-39-33', '2017-12-06 13:49:54', NULL, NULL, NULL, NULL, NULL, NULL),
(256, 'admin', 'DESKTOP-BQ8PH7N/192.168.137.1', '7A-0C-B8-93-39-33', '2017-12-06 13:53:50', NULL, NULL, NULL, NULL, NULL, NULL),
(257, 'anil', 'DESKTOP-BQ8PH7N/192.168.137.1', '7A-0C-B8-93-39-33', '2017-12-06 13:54:21', NULL, NULL, NULL, NULL, NULL, NULL),
(258, 'anil', 'DESKTOP-BQ8PH7N/192.168.137.1', '7A-0C-B8-93-39-33', '2017-12-06 13:56:57', NULL, NULL, NULL, NULL, NULL, NULL),
(259, 'anil', 'DESKTOP-BQ8PH7N/192.168.137.1', '7A-0C-B8-93-39-33', '2017-12-06 13:57:53', NULL, NULL, NULL, NULL, NULL, NULL),
(260, 'admin', 'DESKTOP-BQ8PH7N/192.168.137.1', '7A-0C-B8-93-39-33', '2017-12-06 13:58:07', NULL, NULL, NULL, NULL, NULL, NULL),
(261, 'admin', 'DESKTOP-BQ8PH7N/192.168.137.1', '7A-0C-B8-93-39-33', '2017-12-06 13:58:37', NULL, NULL, NULL, NULL, NULL, NULL),
(262, 'admin', 'DESKTOP-BQ8PH7N/192.168.137.1', '7A-0C-B8-93-39-33', '2017-12-06 13:58:55', NULL, NULL, NULL, NULL, NULL, NULL),
(263, 'admin', 'DESKTOP-BQ8PH7N/192.168.137.1', '7A-0C-B8-93-39-33', '2017-12-06 13:59:58', NULL, NULL, NULL, NULL, NULL, NULL),
(264, 'admin', 'DESKTOP-BQ8PH7N/192.168.137.1', '7A-0C-B8-93-39-33', '2017-12-06 14:20:56', NULL, NULL, NULL, NULL, NULL, NULL),
(265, 'admin', 'DESKTOP-BQ8PH7N/192.168.137.1', '7A-0C-B8-93-39-33', '2017-12-06 14:21:28', NULL, NULL, NULL, NULL, NULL, NULL),
(266, 'admin', 'DESKTOP-BQ8PH7N/192.168.137.1', '7A-0C-B8-93-39-33', '2017-12-06 14:23:28', NULL, NULL, NULL, NULL, NULL, NULL),
(267, 'admin', 'DESKTOP-BQ8PH7N/192.168.137.1', '7A-0C-B8-93-39-33', '2017-12-06 14:26:10', NULL, NULL, NULL, NULL, NULL, NULL),
(268, 'admin', 'DESKTOP-BQ8PH7N/192.168.137.1', '7A-0C-B8-93-39-33', '2017-12-06 14:26:33', NULL, NULL, NULL, NULL, NULL, NULL),
(269, 'admin', 'DESKTOP-BQ8PH7N/192.168.137.1', '7A-0C-B8-93-39-33', '2017-12-06 14:27:01', NULL, NULL, NULL, NULL, NULL, NULL),
(270, 'admin', 'DESKTOP-BQ8PH7N/192.168.137.1', '7A-0C-B8-93-39-33', '2017-12-06 14:27:21', NULL, NULL, NULL, NULL, NULL, NULL),
(271, 'admin', 'DESKTOP-BQ8PH7N/192.168.137.1', '7A-0C-B8-93-39-33', '2017-12-06 14:28:32', NULL, NULL, NULL, NULL, NULL, NULL),
(272, 'anil', 'DESKTOP-BQ8PH7N/192.168.137.1', '7A-0C-B8-93-39-33', '2017-12-06 14:30:55', NULL, NULL, NULL, NULL, NULL, NULL),
(273, 'anil', 'DESKTOP-BQ8PH7N/192.168.137.1', '7A-0C-B8-93-39-33', '2017-12-06 14:35:17', NULL, NULL, NULL, NULL, NULL, NULL),
(274, 'anil', 'DESKTOP-BQ8PH7N/192.168.137.1', '7A-0C-B8-93-39-33', '2017-12-06 14:36:31', NULL, NULL, NULL, NULL, NULL, NULL),
(275, 'admin', 'DESKTOP-BQ8PH7N/192.168.137.1', '7A-0C-B8-93-39-33', '2017-12-06 14:37:46', NULL, NULL, NULL, NULL, NULL, NULL),
(276, 'anil', 'DESKTOP-BQ8PH7N/192.168.137.1', '7A-0C-B8-93-39-33', '2017-12-06 14:38:08', NULL, NULL, NULL, NULL, NULL, NULL),
(277, 'admin', 'DESKTOP-BQ8PH7N/192.168.137.1', '7A-0C-B8-93-39-33', '2017-12-06 14:46:09', NULL, NULL, NULL, NULL, NULL, NULL),
(278, 'admin', 'DESKTOP-BQ8PH7N/192.168.137.1', '7A-0C-B8-93-39-33', '2017-12-06 14:50:49', NULL, NULL, NULL, NULL, NULL, NULL),
(279, 'admin', 'DESKTOP-BQ8PH7N/192.168.137.1', '7A-0C-B8-93-39-33', '2017-12-06 14:51:45', NULL, NULL, NULL, NULL, NULL, NULL),
(280, 'admin', 'DESKTOP-BQ8PH7N/192.168.137.1', '7A-0C-B8-93-39-33', '2017-12-06 14:54:12', NULL, NULL, NULL, NULL, NULL, NULL),
(281, 'admin', 'DESKTOP-BQ8PH7N/192.168.137.1', '7A-0C-B8-93-39-33', '2017-12-06 14:55:53', NULL, NULL, NULL, NULL, NULL, NULL),
(282, 'admin', 'DESKTOP-BQ8PH7N/192.168.137.1', '7A-0C-B8-93-39-33', '2017-12-06 14:56:26', NULL, NULL, NULL, NULL, NULL, NULL),
(283, 'admin', 'DESKTOP-BQ8PH7N/192.168.137.1', '7A-0C-B8-93-39-33', '2017-12-06 15:10:26', NULL, NULL, NULL, NULL, NULL, NULL),
(284, 'admin', 'DESKTOP-BQ8PH7N/192.168.137.1', '7A-0C-B8-93-39-33', '2017-12-06 15:14:52', NULL, NULL, NULL, NULL, NULL, NULL),
(285, 'admin', 'DESKTOP-BQ8PH7N/192.168.137.1', '7A-0C-B8-93-39-33', '2017-12-06 15:35:33', NULL, NULL, NULL, NULL, NULL, NULL),
(286, 'admin', 'DESKTOP-BQ8PH7N/192.168.137.1', '7A-0C-B8-93-39-33', '2017-12-06 15:36:35', NULL, NULL, NULL, NULL, NULL, NULL),
(287, 'admin', 'DESKTOP-BQ8PH7N/192.168.137.1', '7A-0C-B8-93-39-33', '2017-12-06 15:36:42', NULL, NULL, NULL, NULL, NULL, NULL),
(288, 'admin', 'DESKTOP-BQ8PH7N/192.168.137.1', '7A-0C-B8-93-39-33', '2017-12-06 15:38:02', NULL, NULL, NULL, NULL, NULL, NULL),
(289, 'admin', 'DESKTOP-BQ8PH7N/192.168.137.1', '7A-0C-B8-93-39-33', '2017-12-06 15:48:45', NULL, NULL, NULL, NULL, NULL, NULL),
(290, 'admin', 'DESKTOP-BQ8PH7N/192.168.137.1', '7A-0C-B8-93-39-33', '2017-12-06 15:49:33', NULL, NULL, NULL, NULL, NULL, NULL),
(291, 'admin', 'DESKTOP-BQ8PH7N/192.168.137.1', '7A-0C-B8-93-39-33', '2017-12-06 15:50:22', NULL, NULL, NULL, NULL, NULL, NULL),
(292, 'admin', 'DESKTOP-BQ8PH7N/192.168.137.1', '7A-0C-B8-93-39-33', '2017-12-06 15:51:29', NULL, NULL, NULL, NULL, NULL, NULL),
(293, 'admin', 'DESKTOP-BQ8PH7N/192.168.137.1', '7A-0C-B8-93-39-33', '2017-12-06 15:52:45', NULL, NULL, NULL, NULL, NULL, NULL),
(294, 'admin', 'DESKTOP-BQ8PH7N/192.168.137.1', '7A-0C-B8-93-39-33', '2017-12-06 15:56:11', NULL, NULL, NULL, NULL, NULL, NULL),
(295, 'admin', 'DESKTOP-BQ8PH7N/192.168.137.1', '7A-0C-B8-93-39-33', '2017-12-06 15:57:28', NULL, NULL, NULL, NULL, NULL, NULL),
(296, 'admin', 'DESKTOP-BQ8PH7N/192.168.137.1', '7A-0C-B8-93-39-33', '2017-12-06 16:01:46', NULL, NULL, NULL, NULL, NULL, NULL),
(297, 'admin', 'DESKTOP-BQ8PH7N/192.168.0.103', '78-0C-B8-93-39-33', '2017-12-06 20:09:49', NULL, NULL, NULL, NULL, NULL, NULL),
(298, 'admin', 'DESKTOP-BQ8PH7N/192.168.0.103', '78-0C-B8-93-39-33', '2017-12-06 20:10:09', NULL, NULL, NULL, NULL, NULL, NULL),
(299, 'qp', 'DESKTOP-BQ8PH7N/192.168.0.103', '78-0C-B8-93-39-33', '2017-12-06 20:11:01', NULL, NULL, NULL, NULL, NULL, NULL),
(300, 'admin', 'DESKTOP-BQ8PH7N/192.168.0.103', '78-0C-B8-93-39-33', '2017-12-06 20:15:27', NULL, NULL, NULL, NULL, NULL, NULL),
(301, 'qp', 'DESKTOP-BQ8PH7N/192.168.0.103', '78-0C-B8-93-39-33', '2017-12-06 20:15:54', NULL, NULL, NULL, NULL, NULL, NULL),
(302, 'qp', 'DESKTOP-BQ8PH7N/192.168.0.103', '78-0C-B8-93-39-33', '2017-12-06 20:18:19', NULL, NULL, NULL, NULL, NULL, NULL),
(303, 'admin', 'DESKTOP-BQ8PH7N/192.168.0.103', '78-0C-B8-93-39-33', '2017-12-06 20:18:33', NULL, NULL, NULL, NULL, NULL, NULL),
(304, 'qp', 'DESKTOP-BQ8PH7N/192.168.0.103', '78-0C-B8-93-39-33', '2017-12-06 20:24:55', NULL, NULL, NULL, NULL, NULL, NULL),
(305, 'admin', 'DESKTOP-BQ8PH7N/192.168.0.103', '78-0C-B8-93-39-33', '2017-12-06 20:49:48', NULL, NULL, NULL, NULL, NULL, NULL),
(306, 'rani', 'DESKTOP-BQ8PH7N/192.168.0.103', '78-0C-B8-93-39-33', '2017-12-06 20:52:06', NULL, NULL, NULL, NULL, NULL, NULL),
(307, 'admin', 'DESKTOP-BQ8PH7N/192.168.0.103', '78-0C-B8-93-39-33', '2017-12-06 20:52:19', NULL, NULL, NULL, NULL, NULL, NULL),
(308, 'admin', 'DESKTOP-BQ8PH7N/192.168.0.103', '78-0C-B8-93-39-33', '2017-12-06 21:10:28', NULL, NULL, NULL, NULL, NULL, NULL),
(309, 'rrr', 'DESKTOP-BQ8PH7N/192.168.0.103', '78-0C-B8-93-39-33', '2017-12-06 21:11:15', NULL, NULL, NULL, NULL, NULL, NULL),
(310, 'admin', 'DESKTOP-BQ8PH7N/192.168.0.103', '78-0C-B8-93-39-33', '2017-12-06 21:12:14', NULL, NULL, NULL, NULL, NULL, NULL),
(311, 'mike', 'DESKTOP-BQ8PH7N/192.168.0.103', '78-0C-B8-93-39-33', '2017-12-06 21:13:04', NULL, NULL, NULL, NULL, NULL, NULL),
(312, 'admin', 'DESKTOP-BQ8PH7N/192.168.0.103', '78-0C-B8-93-39-33', '2017-12-06 21:14:57', NULL, NULL, NULL, NULL, NULL, NULL),
(313, 'admin', 'DESKTOP-BQ8PH7N/192.168.0.103', '78-0C-B8-93-39-33', '2017-12-06 21:15:40', NULL, NULL, NULL, NULL, NULL, NULL),
(314, 'admin', 'DESKTOP-BQ8PH7N/192.168.0.103', '78-0C-B8-93-39-33', '2017-12-06 21:16:48', NULL, NULL, NULL, NULL, NULL, NULL),
(315, 'ju', 'DESKTOP-BQ8PH7N/192.168.0.103', '78-0C-B8-93-39-33', '2017-12-06 21:17:12', NULL, NULL, NULL, NULL, NULL, NULL),
(316, 'admin', 'DESKTOP-BQ8PH7N/192.168.0.103', '78-0C-B8-93-39-33', '2017-12-06 21:18:45', NULL, NULL, NULL, NULL, NULL, NULL),
(317, 'admin', 'DESKTOP-BQ8PH7N/192.168.0.103', '78-0C-B8-93-39-33', '2017-12-06 21:21:13', NULL, NULL, NULL, NULL, NULL, NULL),
(318, 'admin', 'DESKTOP-BQ8PH7N/192.168.0.103', '78-0C-B8-93-39-33', '2017-12-06 21:33:08', NULL, NULL, NULL, NULL, NULL, NULL),
(319, 'admin', 'DESKTOP-BQ8PH7N/192.168.0.103', '78-0C-B8-93-39-33', '2017-12-06 21:36:46', NULL, NULL, NULL, NULL, NULL, NULL),
(320, 'admin', 'DESKTOP-BQ8PH7N/192.168.0.103', '78-0C-B8-93-39-33', '2017-12-06 21:40:28', NULL, NULL, NULL, NULL, NULL, NULL),
(321, 'admin', 'DESKTOP-BQ8PH7N/192.168.0.103', '78-0C-B8-93-39-33', '2017-12-06 21:51:51', NULL, NULL, NULL, NULL, NULL, NULL),
(322, 'admin', 'DESKTOP-BQ8PH7N/192.168.0.103', '78-0C-B8-93-39-33', '2017-12-06 21:54:16', NULL, NULL, NULL, NULL, NULL, NULL),
(323, 'admin', 'DESKTOP-BQ8PH7N/192.168.0.103', '78-0C-B8-93-39-33', '2017-12-06 21:56:41', NULL, NULL, NULL, NULL, NULL, NULL),
(324, 'admin', 'DESKTOP-BQ8PH7N/192.168.0.103', '78-0C-B8-93-39-33', '2017-12-06 21:58:17', NULL, NULL, NULL, NULL, NULL, NULL),
(325, 'admin', 'DESKTOP-BQ8PH7N/192.168.0.103', '78-0C-B8-93-39-33', '2017-12-06 22:00:31', NULL, NULL, NULL, NULL, NULL, NULL),
(326, 'admin', 'DESKTOP-BQ8PH7N/192.168.0.103', '78-0C-B8-93-39-33', '2017-12-06 22:03:12', NULL, NULL, NULL, NULL, NULL, NULL),
(327, 'admin', 'DESKTOP-BQ8PH7N/192.168.0.103', '78-0C-B8-93-39-33', '2017-12-06 22:03:58', NULL, NULL, NULL, NULL, NULL, NULL),
(328, 'micke', 'DESKTOP-BQ8PH7N/192.168.0.103', '78-0C-B8-93-39-33', '2017-12-06 22:05:23', NULL, NULL, NULL, NULL, NULL, NULL),
(329, 'admin', 'DESKTOP-BQ8PH7N/192.168.0.103', '78-0C-B8-93-39-33', '2017-12-06 22:07:32', NULL, NULL, NULL, NULL, NULL, NULL),
(330, 'admin', 'DESKTOP-BQ8PH7N/192.168.0.103', '78-0C-B8-93-39-33', '2017-12-06 22:13:09', NULL, NULL, NULL, NULL, NULL, NULL),
(331, 'admin', 'DESKTOP-BQ8PH7N/192.168.0.103', '78-0C-B8-93-39-33', '2017-12-06 22:15:56', NULL, NULL, NULL, NULL, NULL, NULL),
(332, 'admin', 'DESKTOP-BQ8PH7N/192.168.0.103', '78-0C-B8-93-39-33', '2017-12-06 22:21:51', NULL, NULL, NULL, NULL, NULL, NULL),
(333, 'admin', 'DESKTOP-BQ8PH7N/192.168.0.103', '78-0C-B8-93-39-33', '2017-12-06 22:27:44', NULL, NULL, NULL, NULL, NULL, NULL),
(334, 'admin', 'DESKTOP-BQ8PH7N/192.168.0.103', '78-0C-B8-93-39-33', '2017-12-06 22:28:59', NULL, NULL, NULL, NULL, NULL, NULL),
(335, 'admin', 'DESKTOP-BQ8PH7N/192.168.0.103', '78-0C-B8-93-39-33', '2017-12-06 22:29:30', NULL, NULL, NULL, NULL, NULL, NULL),
(336, 'admin', 'DESKTOP-BQ8PH7N/192.168.0.103', '78-0C-B8-93-39-33', '2017-12-06 22:30:18', NULL, NULL, NULL, NULL, NULL, NULL),
(337, 'admin', 'DESKTOP-BQ8PH7N/192.168.0.103', '78-0C-B8-93-39-33', '2017-12-06 22:33:18', NULL, NULL, NULL, NULL, NULL, NULL),
(338, 'kale', 'DESKTOP-BQ8PH7N/192.168.0.103', '78-0C-B8-93-39-33', '2017-12-06 22:34:13', NULL, NULL, NULL, NULL, NULL, NULL),
(339, 'admin', 'DESKTOP-BQ8PH7N/192.168.0.103', '78-0C-B8-93-39-33', '2017-12-06 22:34:52', NULL, NULL, NULL, NULL, NULL, NULL),
(340, 'admin', 'DESKTOP-BQ8PH7N/192.168.0.103', '78-0C-B8-93-39-33', '2017-12-06 22:36:45', NULL, NULL, NULL, NULL, NULL, NULL),
(341, 'admin', 'DESKTOP-BQ8PH7N/192.168.137.1', '7A-0C-B8-93-39-33', '2017-12-08 10:25:40', NULL, NULL, NULL, NULL, NULL, NULL),
(342, 'admin', 'DESKTOP-BQ8PH7N/192.168.137.1', '7A-0C-B8-93-39-33', '2017-12-08 10:26:42', NULL, NULL, NULL, NULL, NULL, NULL),
(343, 'admin', 'DESKTOP-BQ8PH7N/192.168.137.1', '7A-0C-B8-93-39-33', '2017-12-08 10:27:12', NULL, NULL, NULL, NULL, NULL, NULL),
(344, 'admin', 'DESKTOP-BQ8PH7N/192.168.137.1', '7A-0C-B8-93-39-33', '2017-12-08 10:29:07', NULL, NULL, NULL, NULL, NULL, NULL),
(345, 'admin', 'DESKTOP-BQ8PH7N/192.168.137.1', '7A-0C-B8-93-39-33', '2017-12-08 10:33:06', NULL, NULL, NULL, NULL, NULL, NULL),
(346, 'admin', 'DESKTOP-BQ8PH7N/192.168.137.1', '7A-0C-B8-93-39-33', '2017-12-08 10:33:37', NULL, NULL, NULL, NULL, NULL, NULL),
(347, 'admin', 'DESKTOP-BQ8PH7N/192.168.137.1', '7A-0C-B8-93-39-33', '2017-12-08 10:34:27', NULL, NULL, NULL, NULL, NULL, NULL),
(348, 'admin', 'DESKTOP-BQ8PH7N/192.168.137.1', '7A-0C-B8-93-39-33', '2017-12-08 10:42:32', NULL, NULL, NULL, NULL, NULL, NULL),
(349, 'admin', 'DESKTOP-BQ8PH7N/192.168.137.1', '7A-0C-B8-93-39-33', '2017-12-08 10:42:52', NULL, NULL, NULL, NULL, NULL, NULL),
(350, 'admin', 'DESKTOP-BQ8PH7N/192.168.137.1', '7A-0C-B8-93-39-33', '2017-12-08 10:43:47', NULL, NULL, NULL, NULL, NULL, NULL),
(351, 'admin', 'DESKTOP-BQ8PH7N/192.168.137.1', '7A-0C-B8-93-39-33', '2017-12-08 10:44:47', NULL, NULL, NULL, NULL, NULL, NULL),
(352, 'admin', 'DESKTOP-BQ8PH7N/192.168.137.1', '7A-0C-B8-93-39-33', '2017-12-08 10:45:33', NULL, NULL, NULL, NULL, NULL, NULL),
(353, 'admin', 'DESKTOP-BQ8PH7N/192.168.137.1', '7A-0C-B8-93-39-33', '2017-12-08 10:46:32', NULL, NULL, NULL, NULL, NULL, NULL),
(354, 'admin', 'DESKTOP-BQ8PH7N/192.168.137.1', '7A-0C-B8-93-39-33', '2017-12-08 10:50:56', NULL, NULL, NULL, NULL, NULL, NULL),
(355, 'admin', 'DESKTOP-BQ8PH7N/192.168.137.1', '7A-0C-B8-93-39-33', '2017-12-08 10:52:14', NULL, NULL, NULL, NULL, NULL, NULL),
(356, 'admin', 'DESKTOP-BQ8PH7N/192.168.137.1', '7A-0C-B8-93-39-33', '2017-12-08 10:54:49', NULL, NULL, NULL, NULL, NULL, NULL),
(357, 'admin', 'DESKTOP-BQ8PH7N/192.168.137.1', '7A-0C-B8-93-39-33', '2017-12-08 10:55:37', NULL, NULL, NULL, NULL, NULL, NULL),
(358, 'admin', 'DESKTOP-BQ8PH7N/192.168.137.1', '7A-0C-B8-93-39-33', '2017-12-08 10:56:48', NULL, NULL, NULL, NULL, NULL, NULL),
(359, 'admin', 'DESKTOP-BQ8PH7N/192.168.137.1', '7A-0C-B8-93-39-33', '2017-12-08 10:58:11', NULL, NULL, NULL, NULL, NULL, NULL),
(360, 'admin', 'DESKTOP-BQ8PH7N/192.168.137.1', '7A-0C-B8-93-39-33', '2017-12-08 11:03:09', NULL, NULL, NULL, NULL, NULL, NULL);

-- --------------------------------------------------------

--
-- Table structure for table `mainusertbl`
--

CREATE TABLE IF NOT EXISTS `mainusertbl` (
  `mid` bigint(20) NOT NULL,
  `mainusername` varchar(20) DEFAULT NULL,
  `mainpassword` varchar(20) DEFAULT NULL,
  `staffcode` int(11) DEFAULT NULL,
  `branchid` bigint(20) DEFAULT NULL
) ENGINE=InnoDB AUTO_INCREMENT=2 DEFAULT CHARSET=utf8;

--
-- Dumping data for table `mainusertbl`
--

INSERT INTO `mainusertbl` (`mid`, `mainusername`, `mainpassword`, `staffcode`, `branchid`) VALUES
(1, 'admin', 'admin', 1, 1);

-- --------------------------------------------------------

--
-- Table structure for table `rolemgmttbl`
--

CREATE TABLE IF NOT EXISTS `rolemgmttbl` (
  `rolemgmtid` bigint(20) NOT NULL,
  `roleid` bigint(20) DEFAULT NULL,
  `navigationid` varchar(20) DEFAULT NULL,
  `reserve1` varchar(20) DEFAULT NULL,
  `reserve2` varchar(20) DEFAULT NULL,
  `reserve3` varchar(20) DEFAULT NULL,
  `reserve4` varchar(20) DEFAULT NULL,
  `reserve5` varchar(20) DEFAULT NULL,
  `reserve6` varchar(20) DEFAULT NULL,
  `reserve7` varchar(20) DEFAULT NULL,
  `reserve8` varchar(20) DEFAULT NULL,
  `reserve9` varchar(20) DEFAULT NULL,
  `add` varchar(200) DEFAULT NULL
) ENGINE=InnoDB AUTO_INCREMENT=3 DEFAULT CHARSET=utf8;

--
-- Dumping data for table `rolemgmttbl`
--

INSERT INTO `rolemgmttbl` (`rolemgmtid`, `roleid`, `navigationid`, `reserve1`, `reserve2`, `reserve3`, `reserve4`, `reserve5`, `reserve6`, `reserve7`, `reserve8`, `reserve9`, `add`) VALUES
(1, 1, '#nav1', NULL, NULL, NULL, NULL, NULL, NULL, NULL, NULL, NULL, ''),
(2, 2, '', NULL, NULL, NULL, NULL, NULL, NULL, NULL, NULL, NULL, '#nav1,#nav2');

-- --------------------------------------------------------

--
-- Table structure for table `roletbl`
--

CREATE TABLE IF NOT EXISTS `roletbl` (
  `roleid` bigint(20) NOT NULL,
  `rolename` varchar(10) DEFAULT NULL,
  `roledescription` varchar(30) DEFAULT NULL
) ENGINE=InnoDB AUTO_INCREMENT=3 DEFAULT CHARSET=utf8;

--
-- Dumping data for table `roletbl`
--

INSERT INTO `roletbl` (`roleid`, `rolename`, `roledescription`) VALUES
(1, 'role1', 'admin'),
(2, 'role2', 'staff');

-- --------------------------------------------------------

--
-- Table structure for table `usertbl`
--

CREATE TABLE IF NOT EXISTS `usertbl` (
  `userid` bigint(20) NOT NULL,
  `username` varchar(20) NOT NULL,
  `password` varchar(100) NOT NULL,
  `staffcode` int(11) DEFAULT NULL,
  `roleid` bigint(20) NOT NULL,
  `mid` bigint(20) NOT NULL DEFAULT '1',
  `givenrole` varchar(500) NOT NULL
) ENGINE=InnoDB AUTO_INCREMENT=86 DEFAULT CHARSET=utf8;

--
-- Dumping data for table `usertbl`
--

INSERT INTO `usertbl` (`userid`, `username`, `password`, `staffcode`, `roleid`, `mid`, `givenrole`) VALUES
(20, 'pop', 'pop', 156, 2, 1, ''),
(23, 'admin', 'admin', 1, 1, 1, '#nav1,#nav2,#nav3,#nav4,#nav5,#nav6,#nav7,#nav8,#nav9,#nav10,#nav11,#nav12,#nav13,#nav14'),
(35, 'sunil', 'sunil', 101, 1, 1, ''),
(36, 'shishir', 'shishir', 2, 1, 1, ''),
(37, 'maria', 'maria', 123, 1, 1, ''),
(38, 'anil', 'anil', 9, 2, 1, ''),
(39, 'mick', 'mick', 1234, 2, 1, ''),
(40, 'ram', 'ram', 159, 1, 1, ''),
(42, 'shyam', 'shyam', 147, 1, 1, ''),
(43, 'abc', 'abc', 122, 2, 1, ''),
(44, 'reg', 'reg', 121, 1, 1, ''),
(45, 'sss', 'sss', 1232, 1, 1, ''),
(46, 'sunilt', 'sunilt', 234, 2, 1, ''),
(47, 'suh', 'suh', 1123, 1, 1, ''),
(48, 'sssu', 'sssu', 124, 1, 1, ''),
(49, 'aaa', 'aaa', 110, 1, 1, ''),
(50, 'ew', 'ew', 20, 1, 1, ''),
(51, 'qwe', 'qwe', 214, 1, 1, ''),
(52, 'hello', 'hello', 1598, 1, 1, ''),
(58, 'tan', 'tan', 12323, 1, 1, '#nav1,#nav2,#nav3'),
(59, 'qp', 'qp', 1212, 1, 1, '#nav1,#nav2,#nav3'),
(60, 'rani', 'rani', 345, 1, 1, '#nav1,#nav2,#nav3,#nav1,#nav2,#nav3,#nav4,#nav5,#nav6,#nav7,#nav8,#nav9,#nav10,#nav1,#nav2,#nav3,#nav4,#nav5,#nav6,#nav7,#nav8,#nav9,#nav10,#nav11,#nav12,#nav13,#nav14,#nav6'),
(61, 'rrr', 'rrr', 3453, 1, 1, ''),
(62, 'mike', 'mike', 789, 1, 1, ''),
(63, 'ju', 'ju', 333, 1, 1, '#nav1,#nav2,#nav3,#nav4,#nav5,#nav6,#nav7,#nav8,#nav9,#nav10,#nav11,#nav12,#nav13,#nav14'),
(64, 'rupak', 'rupak', 786, 1, 1, '#nav3'),
(65, 'rupe', 'rupe', 154, 1, 1, '#nav2'),
(66, 'suhan', 'suhan', 145, 1, 1, '#nav3,'),
(67, 'eee', 'eee', 23222, 1, 1, '#nav3'),
(68, 'ewq', 'ewq', 12121, 1, 1, '#nav2'),
(69, 'nnn', 'nnn', 1213, 1, 1, '#nav1'),
(70, 'qqq', 'qqq', 1221, 1, 1, '#nav3'),
(71, 'rt', 'rt', 3456, 1, 1, '#nav3'),
(72, 'wqwq', 'wqwq', 231, 1, 1, '#nav3'),
(73, 'rere', 'rere', 34567, 1, 1, '#nav3'),
(74, 'sim', 'sim', 80, 1, 1, '#nav1,#nav2,#nav3,#nav4,#nav5,#nav6,#nav7,#nav8,#nav9,#nav10,#nav11,#nav12,#nav13,#nav14'),
(75, 'hero', 'hero', 1544, 1, 1, '#nav1, #nav3, #nav1,#nav2,#nav3,#nav4,#nav5,#nav6,#nav7,#nav8,#nav9,#nav10,#nav11,#nav12,#nav13,#nav14'),
(77, 'micke', 'micke', 43, 1, 1, '#nav1, #nav3'),
(78, 'kale', 'kale', 0, 1, 1, '#nav1, #nav2, #nav3'),
(79, 'sara', 'sara', 46, 1, 1, '#nav1,#nav2,#nav3,#nav4,#nav5,#nav6,#nav7,#nav8,#nav9,#nav10,#nav11,#nav12,#nav13,#nav14'),
(80, 'htu', 'htu', 1587, 1, 1, '#nav2, #nav1,#nav2,#nav3,#nav4,#nav5,#nav6,#nav7,#nav8,#nav9,#nav10, #nav1,#nav2,#nav3,#nav4,#nav5,#nav6,#nav7,#nav8,#nav9,#nav10,#nav11,#nav12,#nav13,#nav14'),
(81, 'rammay', 'rammay', 32335, 1, 1, '#nav1, #nav2, #nav1,#nav2,#nav3,#nav4,#nav5,#nav6,#nav7,#nav8,#nav9,#nav10,#nav11,#nav12,#nav13,#nav14'),
(82, 'hari', 'hari', 32121, 1, 1, '#nav2, #nav3, #nav1, #nav2, #nav3, #nav4, #nav5, #nav6, #nav7, #nav8, #nav9, #nav10, #nav11, #nav12, #nav13, #nav14'),
(84, 'ewedww', 'ewedww', 2313, 1, 1, '#nav2, #nav1, #nav2, #nav3, #nav4, #nav5, #nav6, #nav7, #nav8, #nav9, #nav10, #nav11, #nav12, #nav13, #nav14'),
(85, 'user', 'user', 1010, 1, 1, '#nav1, #nav2, #nav3, #nav4, #nav5, #nav6, #nav7, #nav8, #nav9, #nav10, #nav11, #nav12, #nav13, #nav14');

--
-- Indexes for dumped tables
--

--
-- Indexes for table `branchdetailtbl`
--
ALTER TABLE `branchdetailtbl`
  ADD PRIMARY KEY (`branchid`);

--
-- Indexes for table `loginhistorytbl`
--
ALTER TABLE `loginhistorytbl`
  ADD PRIMARY KEY (`loginhistoryid`);

--
-- Indexes for table `mainusertbl`
--
ALTER TABLE `mainusertbl`
  ADD PRIMARY KEY (`mid`), ADD KEY `fk_mainusertbl_branchid` (`branchid`);

--
-- Indexes for table `rolemgmttbl`
--
ALTER TABLE `rolemgmttbl`
  ADD PRIMARY KEY (`rolemgmtid`), ADD KEY `fk_rolemgmttbl_roleid` (`roleid`);

--
-- Indexes for table `roletbl`
--
ALTER TABLE `roletbl`
  ADD PRIMARY KEY (`roleid`);

--
-- Indexes for table `usertbl`
--
ALTER TABLE `usertbl`
  ADD PRIMARY KEY (`userid`), ADD UNIQUE KEY `username` (`username`), ADD UNIQUE KEY `staffcode` (`staffcode`), ADD KEY `fk_usertbl_mid` (`mid`), ADD KEY `fk_usertbl_roleid` (`roleid`);

--
-- AUTO_INCREMENT for dumped tables
--

--
-- AUTO_INCREMENT for table `branchdetailtbl`
--
ALTER TABLE `branchdetailtbl`
  MODIFY `branchid` bigint(20) NOT NULL AUTO_INCREMENT,AUTO_INCREMENT=4;
--
-- AUTO_INCREMENT for table `loginhistorytbl`
--
ALTER TABLE `loginhistorytbl`
  MODIFY `loginhistoryid` bigint(20) NOT NULL AUTO_INCREMENT,AUTO_INCREMENT=361;
--
-- AUTO_INCREMENT for table `mainusertbl`
--
ALTER TABLE `mainusertbl`
  MODIFY `mid` bigint(20) NOT NULL AUTO_INCREMENT,AUTO_INCREMENT=2;
--
-- AUTO_INCREMENT for table `rolemgmttbl`
--
ALTER TABLE `rolemgmttbl`
  MODIFY `rolemgmtid` bigint(20) NOT NULL AUTO_INCREMENT,AUTO_INCREMENT=3;
--
-- AUTO_INCREMENT for table `roletbl`
--
ALTER TABLE `roletbl`
  MODIFY `roleid` bigint(20) NOT NULL AUTO_INCREMENT,AUTO_INCREMENT=3;
--
-- AUTO_INCREMENT for table `usertbl`
--
ALTER TABLE `usertbl`
  MODIFY `userid` bigint(20) NOT NULL AUTO_INCREMENT,AUTO_INCREMENT=86;
--
-- Constraints for dumped tables
--

--
-- Constraints for table `mainusertbl`
--
ALTER TABLE `mainusertbl`
ADD CONSTRAINT `fk_mainusertbl_branchid` FOREIGN KEY (`branchid`) REFERENCES `branchdetailtbl` (`branchid`) ON UPDATE CASCADE;

--
-- Constraints for table `rolemgmttbl`
--
ALTER TABLE `rolemgmttbl`
ADD CONSTRAINT `fk_rolemgmttbl_roleid` FOREIGN KEY (`roleid`) REFERENCES `roletbl` (`roleid`) ON UPDATE CASCADE;

--
-- Constraints for table `usertbl`
--
ALTER TABLE `usertbl`
ADD CONSTRAINT `fk_usertbl_mid` FOREIGN KEY (`mid`) REFERENCES `mainusertbl` (`mid`) ON UPDATE CASCADE,
ADD CONSTRAINT `fk_usertbl_roleid` FOREIGN KEY (`roleid`) REFERENCES `roletbl` (`roleid`) ON UPDATE CASCADE;

/*!40101 SET CHARACTER_SET_CLIENT=@OLD_CHARACTER_SET_CLIENT */;
/*!40101 SET CHARACTER_SET_RESULTS=@OLD_CHARACTER_SET_RESULTS */;
/*!40101 SET COLLATION_CONNECTION=@OLD_COLLATION_CONNECTION */;
